updatetime,updateinterval,authoritycode,sectionid,traveltime,travelspeed,congestionlevelid,congestionlevel,hashistorical,hasvd,hasavi,hasetag,hasgvp,hascvp,hasothers,datacollecttime
2022-01-19 16:32:27,60,THB,3000900014884U,18,55,B,1,0,1,0,1,1,0,0,2022-01-19 16:32:27
2022-01-19 16:32:27,60,THB,3000900014912U,65,55,B,1,0,1,0,1,1,0,0,2022-01-19 16:32:27
2022-01-19 16:32:27,60,THB,3000900015012U,54,67,B,1,0,1,0,1,1,0,0,2022-01-19 16:32:27
2022-01-19 16:32:27,60,THB,3000900015112U,54,67,B,1,0,1,0,1,1,0,0,2022-01-19 16:32:27
2022-01-19 16:32:27,60,THB,3000900015212U,122,53,B,1,0,1,0,1,1,0,0,2022-01-19 16:32:27
2022-01-19 16:32:27,60,THB,3000900015391U,12,67,B,1,0,1,0,1,1,0,0,2022-01-19 16:32:27
2022-01-19 16:32:27,60,THB,3000900015414U,13,67,B,1,0,1,0,1,1,0,0,2022-01-19 16:32:27
2022-01-19 16:32:27,60,THB,3000900015439U,28,61,B,1,0,1,0,1,1,0,0,2022-01-19 16:32:27
2022-01-19 16:32:27,60,THB,3000900015487U,18,43,B,2,0,1,0,1,1,0,0,2022-01-19 16:32:27
2022-01-19 16:32:27,60,THB,3000900015508U,84,43,D,1,0,1,0,1,1,0,0,2022-01-19 16:32:27
2022-01-19 16:32:27,60,THB,3000900015608U,128,55,D,1,0,1,0,1,1,0,0,2022-01-19 16:32:27
2022-01-19 16:32:27,60,THB,3000900015804U,12,55,D,1,0,1,0,1,1,0,0,2022-01-19 16:32:27
2022-01-19 16:32:27,60,THB,3000900015822U,34,43,D,1,0,1,0,1,1,0,0,2022-01-19 16:32:27
2022-01-19 16:32:27,60,THB,3000900015863U,42,48,D,1,0,1,0,1,1,0,0,2022-01-19 16:32:27
2022-01-19 16:32:27,60,THB,3000900015919U,6,48,D,1,0,1,0,1,1,0,0,2022-01-19 16:32:27
2022-01-19 16:32:27,60,THB,3000900015927U,112,35,D,1,0,1,0,1,1,0,0,2022-01-19 16:32:27
2022-01-19 16:32:27,60,THB,3000900016036U,97,35,D,1,0,1,0,1,1,0,0,2022-01-19 16:32:27
2022-01-19 16:32:27,60,THB,3000900016130U,110,48,D,1,0,1,0,1,1,0,0,2022-01-19 16:32:27
2022-01-19 16:32:27,60,THB,3000900016276U,17,48,D,1,0,1,0,1,1,0,0,2022-01-19 16:32:27
2022-01-19 16:32:27,60,THB,3000900016299U,25,48,D,1,0,1,0,1,1,0,0,2022-01-19 16:32:27
2022-01-19 16:32:27,60,THB,3000900016332U,110,48,D,1,0,1,0,1,1,0,0,2022-01-19 16:32:27
2022-01-19 16:32:27,60,THB,3000900016479U,44,81,D,1,0,1,0,1,1,0,0,2022-01-19 16:32:27
2022-01-19 16:32:27,60,THB,3000900016579U,44,81,D,1,0,1,0,1,1,0,0,2022-01-19 16:32:27
2022-01-19 16:32:27,60,THB,3000900016679U,75,48,D,1,0,1,0,1,1,0,0,2022-01-19 16:32:27
2022-01-19 16:32:27,60,THB,3000900016779U,40,48,B,1,0,1,0,1,1,0,0,2022-01-19 16:32:27
2022-01-19 16:32:27,60,THB,3000900016832U,112,60,B,1,0,1,0,1,1,0,0,2022-01-19 16:32:27
2022-01-19 16:32:27,60,THB,3000900017018U,3,60,B,1,0,1,0,1,1,0,0,2022-01-19 16:32:27
2022-01-19 16:32:27,60,THB,3000900017023U,20,44,B,2,0,1,0,1,1,0,0,2022-01-19 16:32:27
2022-01-19 16:32:27,60,THB,3000900017047U,14,44,B,2,0,1,0,1,1,0,0,2022-01-19 16:32:27
2022-01-19 16:32:27,60,THB,3000900017064U,13,44,B,2,0,1,0,1,1,0,0,2022-01-19 16:32:27
2022-01-19 16:32:27,60,THB,3000900017080U,57,60,B,1,0,1,0,1,1,0,0,2022-01-19 16:32:27
2022-01-19 16:32:27,60,THB,3000900017175U,28,60,B,1,0,1,0,1,1,0,0,2022-01-19 16:32:27
2022-01-19 16:32:27,60,THB,3000900017222U,97,60,B,1,0,1,0,1,1,0,0,2022-01-19 16:32:27
2022-01-19 16:32:27,60,THB,3000900017383U,60,60,B,1,0,1,0,1,1,0,0,2022-01-19 16:32:27
2022-01-19 16:32:27,60,THB,3000900017483U,49,60,B,1,0,1,0,1,1,0,0,2022-01-19 16:32:27
2022-01-19 16:32:27,60,THB,3000900017565U,21,55,B,1,0,1,0,1,1,0,0,2022-01-19 16:32:27
2022-01-19 16:32:27,60,THB,3000900017597U,15,55,B,1,0,1,0,1,1,0,0,2022-01-19 16:32:27
2022-01-19 16:32:27,60,THB,3000900017620U,54,55,B,1,0,1,0,1,1,0,0,2022-01-19 16:32:27
2022-01-19 16:32:27,60,THB,3000900017702U,53,55,B,1,0,1,0,1,1,0,0,2022-01-19 16:32:27
2022-01-19 16:32:27,60,THB,3000900017783U,61,60,B,1,0,1,0,1,1,0,0,2022-01-19 16:32:27
2022-01-19 16:32:27,60,THB,3000900017884U,57,63,B,1,0,1,0,1,1,0,0,2022-01-19 16:32:27
2022-01-19 16:32:27,60,THB,3000900017984U,46,63,B,1,0,1,0,1,1,0,0,2022-01-19 16:32:27
2022-01-19 16:32:27,60,THB,3000900018064U,43,63,B,1,0,1,0,1,1,0,0,2022-01-19 16:32:27
2022-01-19 16:32:27,60,THB,3000900018140U,74,60,B,1,0,1,0,1,1,0,0,2022-01-19 16:32:27
2022-01-19 16:32:27,60,THB,3000900018264U,33,60,B,1,0,1,0,1,1,0,0,2022-01-19 16:32:27
2022-01-19 16:32:27,60,THB,3000900018319U,19,60,B,1,0,1,0,1,1,0,0,2022-01-19 16:32:27
2022-01-19 16:32:27,60,THB,3000900018350U,62,60,B,1,0,1,0,1,1,0,0,2022-01-19 16:32:27
2022-01-19 16:32:27,60,THB,3000900018453U,14,60,B,1,0,1,0,1,1,0,0,2022-01-19 16:32:27
2022-01-19 16:32:27,60,THB,3000900018477U,16,60,B,1,0,1,0,1,1,0,0,2022-01-19 16:32:27
2022-01-19 16:32:27,60,THB,3000900018503U,7,44,B,2,0,1,0,1,1,0,0,2022-01-19 16:32:27
2022-01-19 16:32:27,60,THB,3000900018512U,13,44,B,2,0,1,0,1,1,0,0,2022-01-19 16:32:27
2022-01-19 16:32:27,60,THB,3000900018528U,12,41,B,2,0,1,0,1,1,0,0,2022-01-19 16:32:27
2022-01-19 16:32:27,60,THB,3000900018542U,12,34,B,2,0,1,0,1,1,0,0,2022-01-19 16:32:27
2022-01-19 16:32:27,60,THB,3000900018553U,61,34,B,2,0,1,0,1,1,0,0,2022-01-19 16:32:27
2022-01-19 16:32:27,60,THB,3000900109926G,58,61,B,1,0,1,0,1,1,0,0,2022-01-19 16:32:27
2022-01-19 16:32:27,60,THB,3000900110024G,7,53,B,1,0,1,0,1,1,0,0,2022-01-19 16:32:27
2022-01-19 16:32:27,60,THB,3000900110034G,36,50,B,1,0,1,0,1,1,0,0,2022-01-19 16:32:27
2022-01-19 16:32:27,60,THB,3000900110084G,73,50,B,1,0,1,0,1,1,0,0,2022-01-19 16:32:27
2022-01-19 16:32:27,60,THB,3000900110185G,16,50,B,1,0,1,0,1,1,0,0,2022-01-19 16:32:27
2022-01-19 16:32:27,60,THB,3000900110207G,56,53,B,1,0,1,0,1,1,0,0,2022-01-19 16:32:27
2022-01-19 16:32:27,60,THB,3000900110290G,9,53,D,1,0,1,0,1,1,0,0,2022-01-19 16:32:27
2022-01-19 16:32:27,60,THB,3000900110303G,3,53,D,1,0,1,0,1,1,0,0,2022-01-19 16:32:27
2022-01-19 16:32:27,60,THB,3000900110311G,3,53,D,1,0,1,0,1,1,0,0,2022-01-19 16:32:27
2022-01-19 16:32:27,60,THB,3000900110316G,1,53,D,1,0,1,0,1,1,0,0,2022-01-19 16:32:27
2022-01-19 16:32:27,60,THB,3000900111342G,78,45,D,1,0,1,0,1,1,0,0,2022-01-19 16:32:27
2022-01-19 16:32:27,60,THB,3000900111440G,81,45,D,1,0,1,0,1,1,0,0,2022-01-19 16:32:27
2022-01-19 16:32:27,60,THB,3000900111541G,67,55,D,1,0,1,0,1,1,0,0,2022-01-19 16:32:27
2022-01-19 16:32:27,60,THB,3000900111643G,70,55,D,1,0,1,0,1,1,0,0,2022-01-19 16:32:27
2022-01-19 16:32:27,60,THB,3000900111750G,7,55,D,1,0,1,0,1,1,0,0,2022-01-19 16:32:27
2022-01-19 16:32:27,60,THB,3000900111760G,137,32,D,1,0,1,0,1,1,0,0,2022-01-19 16:32:27
2022-01-19 16:32:27,60,THB,3000900111882G,7,32,D,1,0,1,0,1,1,0,0,2022-01-19 16:32:27
2022-01-19 16:32:27,60,THB,3000900111888G,5,45,D,1,0,1,0,1,1,0,0,2022-01-19 16:32:27
2022-01-19 16:32:27,60,THB,3000900111894G,123,45,D,1,0,1,0,1,1,0,0,2022-01-19 16:32:27
2022-01-19 16:32:27,60,THB,3000900112048G,78,45,D,1,0,1,0,1,1,0,0,2022-01-19 16:32:27
2022-01-19 16:32:27,60,THB,3000900112146G,81,45,D,1,0,1,0,1,1,0,0,2022-01-19 16:32:27
2022-01-19 16:32:27,60,THB,3000900112247G,80,45,D,1,0,1,0,1,1,0,0,2022-01-19 16:32:27
2022-01-19 16:32:27,60,THB,3000900112347G,37,45,D,1,0,1,0,1,1,0,0,2022-01-19 16:32:27
2022-01-19 16:32:27,60,THB,3000900112393G,12,45,D,1,0,1,0,1,1,0,0,2022-01-19 16:32:27
2022-01-19 16:32:27,60,THB,3000900112408G,18,30,D,1,0,1,0,1,1,0,0,2022-01-19 16:32:27
2022-01-19 16:32:27,60,THB,3000900112423G,28,30,D,1,0,1,0,1,1,0,0,2022-01-19 16:32:27
2022-01-19 16:32:27,60,THB,3000900112446G,3,43,D,1,0,1,0,1,1,0,0,2022-01-19 16:32:27
2022-01-19 16:32:27,60,THB,3000900112450G,13,34,D,1,0,1,0,1,1,0,0,2022-01-19 16:32:27
2022-01-19 16:32:27,60,THB,3000900112462G,48,63,B,1,0,1,0,1,1,0,0,2022-01-19 16:32:27
2022-01-19 16:32:27,60,THB,3000900112517G,28,50,B,1,0,1,0,1,1,0,0,2022-01-19 16:32:27
2022-01-19 16:32:27,60,THB,3000900112556G,35,65,B,1,0,1,0,1,1,0,0,2022-01-19 16:32:27
2022-01-19 16:32:27,60,THB,3000900112619G,55,65,B,1,0,1,0,1,1,0,0,2022-01-19 16:32:27
2022-01-19 16:32:27,60,THB,3000900112718G,137,50,B,1,0,1,0,1,1,0,0,2022-01-19 16:32:27
2022-01-19 16:32:27,60,THB,3000900112908G,49,73,B,1,0,1,0,1,1,0,0,2022-01-19 16:32:27
2022-01-19 16:32:27,60,THB,3000900113008G,64,56,B,1,0,1,0,1,1,0,0,2022-01-19 16:32:27
2022-01-19 16:32:27,60,THB,3000900113108G,51,71,B,1,0,1,0,1,1,0,0,2022-01-19 16:32:27
2022-01-19 16:32:27,60,THB,3000900113208G,51,71,B,1,0,1,0,1,1,0,0,2022-01-19 16:32:27
2022-01-19 16:32:27,60,THB,3000900113308G,51,70,B,1,0,1,0,1,1,0,0,2022-01-19 16:32:27
2022-01-19 16:32:27,60,THB,3000900113408G,58,62,B,1,0,1,0,1,1,0,0,2022-01-19 16:32:27
2022-01-19 16:32:27,60,THB,3000900113508G,113,62,B,1,0,1,0,1,1,0,0,2022-01-19 16:32:27
2022-01-19 16:32:27,60,THB,3000900113703G,4,61,B,1,0,1,0,1,1,0,0,2022-01-19 16:32:27
2022-01-19 16:32:27,60,THB,3000900113709G,59,61,B,1,0,1,0,1,1,0,0,2022-01-19 16:32:27
2022-01-19 16:32:27,60,THB,3000900113809G,62,58,B,1,0,1,0,1,1,0,0,2022-01-19 16:32:27
2022-01-19 16:32:27,60,THB,3000900113909G,57,63,B,1,0,1,0,1,1,0,0,2022-01-19 16:32:27
2022-01-19 16:32:27,60,THB,3000900114009G,106,56,B,1,0,1,0,1,1,0,0,2022-01-19 16:32:27
2022-01-19 16:32:27,60,THB,3000900114174G,68,63,B,1,0,1,0,1,1,0,0,2022-01-19 16:32:27
2022-01-19 16:32:27,60,THB,3000900114293G,38,63,B,1,0,1,0,1,1,0,0,2022-01-19 16:32:27
2022-01-19 16:32:27,60,THB,3000900114360U,26,63,B,1,0,1,0,1,1,0,0,2022-01-19 16:32:27
2022-01-19 16:32:27,60,THB,3000900114405U,25,57,B,1,0,1,0,1,1,0,0,2022-01-19 16:32:27
2022-01-19 16:32:27,60,THB,3000900114444U,39,57,B,1,0,1,0,1,1,0,0,2022-01-19 16:32:27
2022-01-19 16:32:27,60,THB,3000900114504U,62,52,B,1,0,1,0,1,1,0,0,2022-01-19 16:32:27
2022-01-19 16:32:27,60,THB,3000900114593U,57,48,B,2,0,1,0,1,1,0,0,2022-01-19 16:32:27
2022-01-19 16:32:27,60,THB,3000900114669U,65,57,B,1,0,1,0,1,1,0,0,2022-01-19 16:32:27
2022-01-19 16:32:27,60,THB,3000900114772U,56,55,D,1,0,1,0,1,1,0,0,2022-01-19 16:32:27
2022-01-19 16:32:27,60,THB,3000900114857U,16,59,D,1,0,1,0,1,1,0,0,2022-01-19 16:32:27
2022-01-19 16:32:27,60,THB,3000900114884U,18,63,B,1,0,1,0,1,1,0,0,2022-01-19 16:32:27
2022-01-19 16:32:27,60,THB,3000900114915U,54,67,B,1,0,1,0,1,1,0,0,2022-01-19 16:32:27
2022-01-19 16:32:27,60,THB,3000900115015U,56,64,B,1,0,1,0,1,1,0,0,2022-01-19 16:32:27
2022-01-19 16:32:27,60,THB,3000900115115U,57,63,B,1,0,1,0,1,1,0,0,2022-01-19 16:32:27
2022-01-19 16:32:27,60,THB,3000900115215U,98,63,B,1,0,1,0,1,1,0,0,2022-01-19 16:32:27
2022-01-19 16:32:27,60,THB,3000900115387U,16,59,B,1,0,1,0,1,1,0,0,2022-01-19 16:32:27
2022-01-19 16:32:27,60,THB,3000900115414U,31,29,B,2,0,1,0,1,1,0,0,2022-01-19 16:32:27
2022-01-19 16:32:27,60,THB,3000900115439U,43,40,B,2,0,1,0,1,1,0,0,2022-01-19 16:32:27
2022-01-19 16:32:27,60,THB,3000900115487U,14,55,B,1,0,1,0,1,1,0,0,2022-01-19 16:32:27
2022-01-19 16:32:27,60,THB,3000900115508U,65,55,D,1,0,1,0,1,1,0,0,2022-01-19 16:32:27
2022-01-19 16:32:27,60,THB,3000900115608U,176,40,D,1,0,1,0,1,1,0,0,2022-01-19 16:32:27
2022-01-19 16:32:27,60,THB,3000900115804U,16,41,D,1,0,1,0,1,1,0,0,2022-01-19 16:32:27
2022-01-19 16:32:27,60,THB,3000900115822U,36,41,D,1,0,1,0,1,1,0,0,2022-01-19 16:32:27
2022-01-19 16:32:27,60,THB,3000900115863U,49,41,D,1,0,1,0,1,1,0,0,2022-01-19 16:32:27
2022-01-19 16:32:27,60,THB,3000900115919U,7,41,D,1,0,1,0,1,1,0,0,2022-01-19 16:32:27
2022-01-19 16:32:27,60,THB,3000900115927U,93,42,D,1,0,1,0,1,1,0,0,2022-01-19 16:32:27
2022-01-19 16:32:27,60,THB,3000900116036U,81,42,D,1,0,1,0,1,1,0,0,2022-01-19 16:32:27
2022-01-19 16:32:27,60,THB,3000900116130U,107,49,D,1,0,1,0,1,1,0,0,2022-01-19 16:32:27
2022-01-19 16:32:27,60,THB,3000900116276U,17,49,D,1,0,1,0,1,1,0,0,2022-01-19 16:32:27
2022-01-19 16:32:27,60,THB,3000900116299U,24,49,D,1,0,1,0,1,1,0,0,2022-01-19 16:32:27
2022-01-19 16:32:27,60,THB,3000900116332U,80,66,D,1,0,1,0,1,1,0,0,2022-01-19 16:32:27
2022-01-19 16:32:27,60,THB,3000900116479U,50,72,D,1,0,1,0,1,1,0,0,2022-01-19 16:32:27
2022-01-19 16:32:27,60,THB,3000900116579U,50,72,D,1,0,1,0,1,1,0,0,2022-01-19 16:32:27
2022-01-19 16:32:27,60,THB,3000900116679U,55,66,D,1,0,1,0,1,1,0,0,2022-01-19 16:32:27
2022-01-19 16:32:27,60,THB,3000900116779U,33,55,B,1,0,1,0,1,1,0,0,2022-01-19 16:32:27
2022-01-19 16:32:27,60,THB,3000900116830U,123,55,B,1,0,1,0,1,1,0,0,2022-01-19 16:32:27
2022-01-19 16:32:27,60,THB,3000900117018U,3,55,B,1,0,1,0,1,1,0,0,2022-01-19 16:32:27
2022-01-19 16:32:27,60,THB,3000900117023U,16,55,B,1,0,1,0,1,1,0,0,2022-01-19 16:32:27
2022-01-19 16:32:27,60,THB,3000900117047U,11,55,B,1,0,1,0,1,1,0,0,2022-01-19 16:32:27
2022-01-19 16:32:27,60,THB,3000900117064U,7,55,B,1,0,1,0,1,1,0,0,2022-01-19 16:32:27
2022-01-19 16:32:27,60,THB,3000900117075U,65,55,B,1,0,1,0,1,1,0,0,2022-01-19 16:32:27
2022-01-19 16:32:27,60,THB,3000900117175U,31,55,B,1,0,1,0,1,1,0,0,2022-01-19 16:32:27
2022-01-19 16:32:27,60,THB,3000900117222U,95,55,B,1,0,1,0,1,1,0,0,2022-01-19 16:32:27
2022-01-19 16:32:27,60,THB,3000900117367U,65,55,B,1,0,1,0,1,1,0,0,2022-01-19 16:32:27
2022-01-19 16:32:27,60,THB,3000900117467U,58,61,B,1,0,1,0,1,1,0,0,2022-01-19 16:32:27
2022-01-19 16:32:27,60,THB,3000900117565U,19,61,B,1,0,1,0,1,1,0,0,2022-01-19 16:32:27
2022-01-19 16:32:27,60,THB,3000900117598U,12,61,B,1,0,1,0,1,1,0,0,2022-01-19 16:32:27
2022-01-19 16:32:27,60,THB,3000900117619U,50,61,B,1,0,1,0,1,1,0,0,2022-01-19 16:32:27
2022-01-19 16:32:27,60,THB,3000900117703U,52,55,B,1,0,1,0,1,1,0,0,2022-01-19 16:32:27
2022-01-19 16:32:27,60,THB,3000900117783U,55,68,B,1,0,1,0,1,1,0,0,2022-01-19 16:32:27
2022-01-19 16:32:27,60,THB,3000900117886U,53,68,B,1,0,1,0,1,1,0,0,2022-01-19 16:32:27
2022-01-19 16:32:27,60,THB,3000900117986U,41,68,B,1,0,1,0,1,1,0,0,2022-01-19 16:32:27
2022-01-19 16:32:27,60,THB,3000900118063U,51,55,B,1,0,1,0,1,1,0,0,2022-01-19 16:32:27
2022-01-19 16:32:27,60,THB,3000900118141U,81,55,B,1,0,1,0,1,1,0,0,2022-01-19 16:32:27
2022-01-19 16:32:27,60,THB,3000900118264U,35,55,B,1,0,1,0,1,1,0,0,2022-01-19 16:32:27
2022-01-19 16:32:27,60,THB,3000900118317U,22,55,B,1,0,1,0,1,1,0,0,2022-01-19 16:32:27
2022-01-19 16:32:27,60,THB,3000900118350U,67,55,B,1,0,1,0,1,1,0,0,2022-01-19 16:32:27
2022-01-19 16:32:27,60,THB,3000900118452U,18,55,B,1,0,1,0,1,1,0,0,2022-01-19 16:32:27
2022-01-19 16:32:27,60,THB,3000900118479U,18,47,B,1,0,1,0,1,1,0,0,2022-01-19 16:32:27
2022-01-19 16:32:27,60,THB,3000900118503U,7,47,B,1,0,1,0,1,1,0,0,2022-01-19 16:32:27
2022-01-19 16:32:27,60,THB,3000900118512U,12,47,B,1,0,1,0,1,1,0,0,2022-01-19 16:32:27
2022-01-19 16:32:27,60,THB,3000900118528U,11,47,B,1,0,1,0,1,1,0,0,2022-01-19 16:32:27
2022-01-19 16:32:27,60,THB,3000900118542U,8,43,B,1,0,1,0,1,1,0,0,2022-01-19 16:32:27
2022-01-19 16:32:27,60,THB,3000940000010G,4,44,D,1,0,1,0,1,1,0,0,2022-01-19 16:32:27
2022-01-19 16:32:27,60,THB,3000940000015G,8,44,D,1,0,1,0,1,1,0,0,2022-01-19 16:32:27
2022-01-19 16:32:27,60,THB,3000940000025G,61,44,D,1,0,1,0,1,1,0,0,2022-01-19 16:32:27
2022-01-19 16:32:27,60,THB,3000940000100G,26,31,D,1,0,1,0,1,1,0,0,2022-01-19 16:32:27
2022-01-19 16:32:27,60,THB,3000940000122G,26,32,D,1,0,1,0,1,1,0,0,2022-01-19 16:32:27
2022-01-19 16:32:27,60,THB,3000940000145G,6,30,D,1,0,1,0,1,1,0,0,2022-01-19 16:32:27
2022-01-19 16:32:27,60,THB,3000940000150G,18,30,D,1,0,1,0,1,1,0,0,2022-01-19 16:32:27
2022-01-19 16:32:27,60,THB,3000940000165G,7,31,D,1,0,1,0,1,1,0,0,2022-01-19 16:32:27
2022-01-19 16:32:27,60,THB,3000940000171G,14,31,D,1,0,1,0,1,1,0,0,2022-01-19 16:32:27
2022-01-19 16:32:27,60,THB,3000940000183G,5,30,D,1,0,1,0,1,1,0,0,2022-01-19 16:32:27
2022-01-19 16:32:27,60,THB,3000940000187G,8,41,D,1,0,1,0,1,1,0,0,2022-01-19 16:32:27
2022-01-19 16:32:27,60,THB,3000940000196G,1,49,D,1,0,1,0,1,1,0,0,2022-01-19 16:32:27
2022-01-19 16:32:27,60,THB,3000940000198G,155,45,D,1,0,1,0,1,1,0,0,2022-01-19 16:32:27
2022-01-19 16:32:27,60,THB,3000940000392G,16,50,D,1,0,1,0,1,1,0,0,2022-01-19 16:32:27
2022-01-19 16:32:27,60,THB,3000940000414G,76,50,D,1,0,1,0,1,1,0,0,2022-01-19 16:32:27
2022-01-19 16:32:27,60,THB,3000940000520G,73,50,D,1,0,1,0,1,1,0,0,2022-01-19 16:32:27
2022-01-19 16:32:27,60,THB,3000940000622G,73,50,D,1,0,1,0,1,1,0,0,2022-01-19 16:32:27
2022-01-19 16:32:27,60,THB,3000940000723G,73,50,D,1,0,1,0,1,1,0,0,2022-01-19 16:32:27
2022-01-19 16:32:27,60,THB,3000940000825G,73,50,D,1,0,1,0,1,1,0,0,2022-01-19 16:32:27
2022-01-19 16:32:27,60,THB,3000940000927G,74,50,D,1,0,1,0,1,1,0,0,2022-01-19 16:32:27
2022-01-19 16:32:27,60,THB,3000940001030G,72,50,D,1,0,1,0,1,1,0,0,2022-01-19 16:32:27
2022-01-19 16:32:27,60,THB,3000940001130G,92,40,D,1,0,1,0,1,1,0,0,2022-01-19 16:32:27
2022-01-19 16:32:27,60,THB,3000940001232G,92,40,D,1,0,1,0,1,1,0,0,2022-01-19 16:32:27
2022-01-19 16:32:27,60,THB,3000940001334G,92,40,D,1,0,1,0,1,1,0,0,2022-01-19 16:32:27
2022-01-19 16:32:27,60,THB,3000940001436G,73,50,D,1,0,1,0,1,1,0,0,2022-01-19 16:32:27
2022-01-19 16:32:27,60,THB,3000940001537G,86,50,D,1,0,1,0,1,1,0,0,2022-01-19 16:32:27
2022-01-19 16:32:27,60,THB,3000940001656G,34,40,D,1,0,1,0,1,1,0,0,2022-01-19 16:32:27
2022-01-19 16:32:27,60,THB,3000940001694G,20,40,D,1,0,1,0,1,1,0,0,2022-01-19 16:32:27
2022-01-19 16:32:27,60,THB,3000940001716G,17,40,D,1,0,1,0,1,1,0,0,2022-01-19 16:32:27
2022-01-19 16:32:27,60,THB,3000940001735G,14,40,D,1,0,1,0,1,1,0,0,2022-01-19 16:32:27
2022-01-19 16:32:27,60,THB,3000940002856G,1,49,D,1,0,1,0,1,1,0,0,2022-01-19 16:32:27
2022-01-19 16:32:27,60,THB,3000940002860G,5,49,D,1,0,1,0,1,1,0,0,2022-01-19 16:32:27
2022-01-19 16:32:27,60,THB,3000940002867G,39,40,D,1,0,1,0,1,1,0,0,2022-01-19 16:32:27
2022-01-19 16:32:27,60,THB,3000940002910G,13,40,D,1,0,1,0,1,1,0,0,2022-01-19 16:32:27
2022-01-19 16:32:27,60,THB,3000940002925G,29,40,D,1,0,1,0,1,1,0,0,2022-01-19 16:32:27
2022-01-19 16:32:27,60,THB,3000940002957G,20,40,D,1,0,1,0,1,1,0,0,2022-01-19 16:32:27
2022-01-19 16:32:27,60,THB,3000940002979G,110,63,D,1,0,1,0,1,1,0,0,2022-01-19 16:32:27
2022-01-19 16:32:27,60,THB,3000940003171G,25,63,D,1,0,1,0,1,1,0,0,2022-01-19 16:32:27
2022-01-19 16:32:27,60,THB,3000940003215G,67,63,D,1,0,1,0,1,1,0,0,2022-01-19 16:32:27
2022-01-19 16:32:27,60,THB,3000940003333G,58,63,D,1,0,1,0,1,1,0,0,2022-01-19 16:32:27
2022-01-19 16:32:27,60,THB,3000940003435G,57,63,D,1,0,1,0,1,1,0,0,2022-01-19 16:32:27
2022-01-19 16:32:27,60,THB,3000940003535G,57,63,D,1,0,1,0,1,1,0,0,2022-01-19 16:32:27
2022-01-19 16:32:27,60,THB,3000940003635G,57,63,D,1,0,1,0,1,1,0,0,2022-01-19 16:32:27
2022-01-19 16:32:27,60,THB,3000940003735G,57,63,D,1,0,1,0,1,1,0,0,2022-01-19 16:32:27
2022-01-19 16:32:27,60,THB,3000940003835G,57,63,D,1,0,1,0,1,1,0,0,2022-01-19 16:32:27
2022-01-19 16:32:27,60,THB,3000940003935G,57,63,D,1,0,1,0,1,1,0,0,2022-01-19 16:32:27
2022-01-19 16:32:27,60,THB,3000940004035G,57,63,D,1,0,1,0,1,1,0,0,2022-01-19 16:32:27
2022-01-19 16:32:27,60,THB,3000940004135G,57,63,D,1,0,1,0,1,1,0,0,2022-01-19 16:32:27
2022-01-19 16:32:27,60,THB,3000940004235G,57,63,D,1,0,1,0,1,1,0,0,2022-01-19 16:32:27
2022-01-19 16:32:27,60,THB,3000940004335G,57,63,D,1,0,1,0,1,1,0,0,2022-01-19 16:32:27
2022-01-19 16:32:27,60,THB,3000940004435G,57,63,D,1,0,1,0,1,1,0,0,2022-01-19 16:32:27
2022-01-19 16:32:27,60,THB,3000940004535G,57,63,D,1,0,1,0,1,1,0,0,2022-01-19 16:32:27
2022-01-19 16:32:27,60,THB,3000940004635G,57,63,D,1,0,1,0,1,1,0,0,2022-01-19 16:32:27
2022-01-19 16:32:27,60,THB,3000940004735G,57,63,D,1,0,1,0,1,1,0,0,2022-01-19 16:32:27
2022-01-19 16:32:27,60,THB,3000940004835G,57,63,D,1,0,1,0,1,1,0,0,2022-01-19 16:32:27
2022-01-19 16:32:27,60,THB,3000940004935G,45,63,D,1,0,1,0,1,1,0,0,2022-01-19 16:32:27
2022-01-19 16:32:27,60,THB,3000940005014G,4,63,D,1,0,1,0,1,1,0,0,2022-01-19 16:32:27
2022-01-19 16:32:27,60,THB,3000940005021G,96,63,D,1,0,1,0,1,1,0,0,2022-01-19 16:32:27
2022-01-19 16:32:27,60,THB,3000940005189G,27,63,D,1,0,1,0,1,1,0,0,2022-01-19 16:32:27
2022-01-19 16:32:27,60,THB,3000940005237G,2,63,D,1,0,1,0,1,1,0,0,2022-01-19 16:32:27
2022-01-19 16:32:27,60,THB,3000940005241G,30,63,D,1,0,1,0,1,1,0,0,2022-01-19 16:32:27
2022-01-19 16:32:27,60,THB,3000940005293U,19,63,D,1,0,1,0,1,1,0,0,2022-01-19 16:32:27
2022-01-19 16:32:27,60,THB,3000940005327U,31,63,D,1,0,1,0,1,1,0,0,2022-01-19 16:32:27
2022-01-19 16:32:27,60,THB,3000940005382U,13,63,D,1,0,1,0,1,1,0,0,2022-01-19 16:32:27
2022-01-19 16:32:27,60,THB,3000940005405U,5,49,D,1,0,1,0,1,1,0,0,2022-01-19 16:32:27
2022-01-19 16:32:27,60,THB,3000940005412U,32,49,D,1,0,1,0,1,1,0,0,2022-01-19 16:32:27
2022-01-19 16:32:27,60,THB,3000940005834U,65,49,D,1,0,1,0,1,1,0,0,2022-01-19 16:32:27
2022-01-19 16:32:27,60,THB,3000940005923U,79,49,D,1,0,1,0,1,1,0,0,2022-01-19 16:32:27
2022-01-19 16:32:27,60,THB,3000940006030U,67,47,D,1,0,1,0,1,1,0,0,2022-01-19 16:32:27
2022-01-19 16:32:27,60,THB,3000940006118U,52,47,D,1,0,1,0,1,1,0,0,2022-01-19 16:32:27
2022-01-19 16:32:27,60,THB,3000940006186U,110,47,D,1,0,1,0,1,1,0,0,2022-01-19 16:32:27
2022-01-19 16:32:27,60,THB,3000940006329U,54,47,D,1,0,1,0,1,1,0,0,2022-01-19 16:32:27
2022-01-19 16:32:27,60,THB,3000940006399U,19,47,D,1,0,1,0,1,1,0,0,2022-01-19 16:32:27
2022-01-19 16:32:27,60,THB,3000940006502U,39,47,D,1,0,1,0,1,1,0,0,2022-01-19 16:32:27
2022-01-19 16:32:27,60,THB,3000940006553U,74,47,D,1,0,1,0,1,1,0,0,2022-01-19 16:32:27
2022-01-19 16:32:27,60,THB,3000940006650U,77,47,D,1,0,1,0,1,1,0,0,2022-01-19 16:32:27
2022-01-19 16:32:27,60,THB,3000940006751U,110,47,D,1,0,1,0,1,1,0,0,2022-01-19 16:32:27
2022-01-19 16:32:27,60,THB,3000940006899U,1,47,D,1,0,1,0,1,1,0,0,2022-01-19 16:32:27
2022-01-19 16:32:27,60,THB,3000940100009G,4,51,D,1,0,1,0,1,1,0,0,2022-01-19 16:32:27
2022-01-19 16:32:27,60,THB,3000940100015G,7,51,D,1,0,1,0,1,1,0,0,2022-01-19 16:32:27
2022-01-19 16:32:27,60,THB,3000940100025G,53,51,D,1,0,1,0,1,1,0,0,2022-01-19 16:32:27
2022-01-19 16:32:27,60,THB,3000940100100G,18,43,D,1,0,1,0,1,1,0,0,2022-01-19 16:32:27
2022-01-19 16:32:27,60,THB,3000940100122G,20,42,D,1,0,1,0,1,1,0,0,2022-01-19 16:32:27
2022-01-19 16:32:27,60,THB,3000940100145G,4,45,D,1,0,1,0,1,1,0,0,2022-01-19 16:32:27
2022-01-19 16:32:27,60,THB,3000940100150G,14,40,D,1,0,1,0,1,1,0,0,2022-01-19 16:32:27
2022-01-19 16:32:27,60,THB,3000940100165G,5,40,D,1,0,1,0,1,1,0,0,2022-01-19 16:32:27
2022-01-19 16:32:27,60,THB,3000940100171G,11,40,D,1,0,1,0,1,1,0,0,2022-01-19 16:32:27
2022-01-19 16:32:27,60,THB,3000940100183G,5,32,D,1,0,1,0,1,1,0,0,2022-01-19 16:32:27
2022-01-19 16:32:27,60,THB,3000940100187G,6,52,D,1,0,1,0,1,1,0,0,2022-01-19 16:32:27
2022-01-19 16:32:27,60,THB,3000940100196G,1,60,D,1,0,1,0,1,1,0,0,2022-01-19 16:32:27
2022-01-19 16:32:27,60,THB,3000940100198G,179,39,D,1,0,1,0,1,1,0,0,2022-01-19 16:32:27
2022-01-19 16:32:27,60,THB,3000940100392G,20,40,D,1,0,1,0,1,1,0,0,2022-01-19 16:32:27
2022-01-19 16:32:27,60,THB,3000940100414G,95,40,D,1,0,1,0,1,1,0,0,2022-01-19 16:32:27
2022-01-19 16:32:27,60,THB,3000940100520G,92,40,D,1,0,1,0,1,1,0,0,2022-01-19 16:32:27
2022-01-19 16:32:27,60,THB,3000940100622G,89,41,D,1,0,1,0,1,1,0,0,2022-01-19 16:32:27
2022-01-19 16:32:27,60,THB,3000940100723G,1,-99,D,0,0,1,0,1,1,0,0,2022-01-19 16:32:27
2022-01-19 16:32:27,60,THB,3000940100825G,1,-99,D,0,0,1,0,1,1,0,0,2022-01-19 16:32:27
2022-01-19 16:32:27,60,THB,3000940100927G,1,-99,D,0,0,1,0,1,1,0,0,2022-01-19 16:32:27
2022-01-19 16:32:27,60,THB,3000940101030G,72,50,D,1,0,1,0,1,1,0,0,2022-01-19 16:32:27
2022-01-19 16:32:27,60,THB,3000940101130G,87,42,D,1,0,1,0,1,1,0,0,2022-01-19 16:32:27
2022-01-19 16:32:27,60,THB,3000940101232G,87,42,D,1,0,1,0,1,1,0,0,2022-01-19 16:32:27
2022-01-19 16:32:27,60,THB,3000940101334G,87,42,D,1,0,1,0,1,1,0,0,2022-01-19 16:32:27
2022-01-19 16:32:27,60,THB,3000940101436G,87,42,D,1,0,1,0,1,1,0,0,2022-01-19 16:32:27
2022-01-19 16:32:27,60,THB,3000940101537G,102,42,D,1,0,1,0,1,1,0,0,2022-01-19 16:32:27
2022-01-19 16:32:27,60,THB,3000940101656G,34,40,D,1,0,1,0,1,1,0,0,2022-01-19 16:32:27
2022-01-19 16:32:27,60,THB,3000940101694G,20,40,D,1,0,1,0,1,1,0,0,2022-01-19 16:32:27
2022-01-19 16:32:27,60,THB,3000940101716G,17,40,D,1,0,1,0,1,1,0,0,2022-01-19 16:32:27
2022-01-19 16:32:27,60,THB,3000940101735G,14,40,D,1,0,1,0,1,1,0,0,2022-01-19 16:32:27
2022-01-19 16:32:27,60,THB,3000940102856G,2,43,D,1,0,1,0,1,1,0,0,2022-01-19 16:32:27
2022-01-19 16:32:27,60,THB,3000940102860G,5,48,D,1,0,1,0,1,1,0,0,2022-01-19 16:32:27
2022-01-19 16:32:27,60,THB,3000940102867G,29,53,D,1,0,1,0,1,1,0,0,2022-01-19 16:32:27
2022-01-19 16:32:27,60,THB,3000940102910G,8,60,D,1,0,1,0,1,1,0,0,2022-01-19 16:32:27
2022-01-19 16:32:27,60,THB,3000940102925G,24,49,D,1,0,1,0,1,1,0,0,2022-01-19 16:32:27
2022-01-19 16:32:27,60,THB,3000940102957G,16,49,D,1,0,1,0,1,1,0,0,2022-01-19 16:32:27
2022-01-19 16:32:27,60,THB,3000940102979G,141,49,D,1,0,1,0,1,1,0,0,2022-01-19 16:32:27
2022-01-19 16:32:27,60,THB,3000940103171G,32,49,D,1,0,1,0,1,1,0,0,2022-01-19 16:32:27
2022-01-19 16:32:27,60,THB,3000940103215G,87,49,D,1,0,1,0,1,1,0,0,2022-01-19 16:32:27
2022-01-19 16:32:27,60,THB,3000940103333G,75,49,D,1,0,1,0,1,1,0,0,2022-01-19 16:32:27
2022-01-19 16:32:27,60,THB,3000940103435G,73,49,D,1,0,1,0,1,1,0,0,2022-01-19 16:32:27
2022-01-19 16:32:27,60,THB,3000940103535G,73,49,D,1,0,1,0,1,1,0,0,2022-01-19 16:32:27
2022-01-19 16:32:27,60,THB,3000940103635G,73,49,D,1,0,1,0,1,1,0,0,2022-01-19 16:32:27
2022-01-19 16:32:27,60,THB,3000940103735G,73,49,D,1,0,1,0,1,1,0,0,2022-01-19 16:32:27
2022-01-19 16:32:27,60,THB,3000940103835G,73,49,D,1,0,1,0,1,1,0,0,2022-01-19 16:32:27
2022-01-19 16:32:27,60,THB,3000940103935G,73,49,D,1,0,1,0,1,1,0,0,2022-01-19 16:32:27
2022-01-19 16:32:27,60,THB,3000940104035G,73,49,D,1,0,1,0,1,1,0,0,2022-01-19 16:32:27
2022-01-19 16:32:27,60,THB,3000940104135G,73,49,D,1,0,1,0,1,1,0,0,2022-01-19 16:32:27
2022-01-19 16:32:27,60,THB,3000940104235G,73,49,D,1,0,1,0,1,1,0,0,2022-01-19 16:32:27
2022-01-19 16:32:27,60,THB,3000940104335G,73,49,D,1,0,1,0,1,1,0,0,2022-01-19 16:32:27
2022-01-19 16:32:27,60,THB,3000940104435G,73,49,D,1,0,1,0,1,1,0,0,2022-01-19 16:32:27
2022-01-19 16:32:27,60,THB,3000940104535G,73,49,D,1,0,1,0,1,1,0,0,2022-01-19 16:32:27
2022-01-19 16:32:27,60,THB,3000940104635G,73,49,D,1,0,1,0,1,1,0,0,2022-01-19 16:32:27
2022-01-19 16:32:27,60,THB,3000940104735G,73,49,D,1,0,1,0,1,1,0,0,2022-01-19 16:32:27
2022-01-19 16:32:27,60,THB,3000940104835G,73,49,D,1,0,1,0,1,1,0,0,2022-01-19 16:32:27
2022-01-19 16:32:27,60,THB,3000940104935G,58,49,D,1,0,1,0,1,1,0,0,2022-01-19 16:32:27
2022-01-19 16:32:27,60,THB,3000940105014G,5,49,D,1,0,1,0,1,1,0,0,2022-01-19 16:32:27
2022-01-19 16:32:27,60,THB,3000940105021G,123,49,D,1,0,1,0,1,1,0,0,2022-01-19 16:32:27
2022-01-19 16:32:27,60,THB,3000940105189G,35,49,D,1,0,1,0,1,1,0,0,2022-01-19 16:32:27
2022-01-19 16:32:27,60,THB,3000940105237G,3,49,D,1,0,1,0,1,1,0,0,2022-01-19 16:32:27
2022-01-19 16:32:27,60,THB,3000940105241G,31,60,D,1,0,1,0,1,1,0,0,2022-01-19 16:32:27
2022-01-19 16:32:27,60,THB,3000940105293U,20,60,D,1,0,1,0,1,1,0,0,2022-01-19 16:32:27
2022-01-19 16:32:27,60,THB,3000940105327U,33,60,D,1,0,1,0,1,1,0,0,2022-01-19 16:32:27
2022-01-19 16:32:27,60,THB,3000940105382U,14,60,D,1,0,1,0,1,1,0,0,2022-01-19 16:32:27
2022-01-19 16:32:27,60,THB,3000940105405U,5,53,D,1,0,1,0,1,1,0,0,2022-01-19 16:32:27
2022-01-19 16:32:27,60,THB,3000940105412U,29,54,D,1,0,1,0,1,1,0,0,2022-01-19 16:32:27
2022-01-19 16:32:27,60,THB,3000940105834U,53,60,D,1,0,1,0,1,1,0,0,2022-01-19 16:32:27
2022-01-19 16:32:27,60,THB,3000940105923U,64,60,D,1,0,1,0,1,1,0,0,2022-01-19 16:32:27
2022-01-19 16:32:27,60,THB,3000940106030U,79,40,D,1,0,1,0,1,1,0,0,2022-01-19 16:32:27
2022-01-19 16:32:27,60,THB,3000940106118U,61,40,D,1,0,1,0,1,1,0,0,2022-01-19 16:32:27
2022-01-19 16:32:27,60,THB,3000940106186U,129,40,D,1,0,1,0,1,1,0,0,2022-01-19 16:32:27
2022-01-19 16:32:27,60,THB,3000940106329U,63,40,D,1,0,1,0,1,1,0,0,2022-01-19 16:32:27
2022-01-19 16:32:27,60,THB,3000940106399U,23,40,D,1,0,1,0,1,1,0,0,2022-01-19 16:32:27
2022-01-19 16:32:27,60,THB,3000940106502U,37,49,D,1,0,1,0,1,1,0,0,2022-01-19 16:32:27
2022-01-19 16:32:27,60,THB,3000940106553U,87,40,D,1,0,1,0,1,1,0,0,2022-01-19 16:32:27
2022-01-19 16:32:27,60,THB,3000940106650U,91,40,D,1,0,1,0,1,1,0,0,2022-01-19 16:32:27
2022-01-19 16:32:27,60,THB,3000940106751U,130,40,D,1,0,1,0,1,1,0,0,2022-01-19 16:32:27
2022-01-19 16:32:27,60,THB,3000940106899U,1,40,D,1,0,1,0,1,1,0,0,2022-01-19 16:32:27
